Dwarka_Sector_21 Dwarka_Sector_8 1
Dwarka_Sector_8 Dwarka_Sector_9 1
Dwarka_Sector_9 Dwarka_Sector_10 1
Dwarka_Sector_10 Dwarka_Sector_11 1
Dwarka_Sector_11 Dwarka_Sector_12 1
Dwarka_Sector_12 Dwarka_Sector_13 1
Dwarka_Sector_13 Dwarka_Sector_14 1
Dwarka_Sector_14 Dwarka 1
Dwarka Dwarka_Mor 2
Dwarka_Mor Nawada 2
Nawada Uttam_Nagar_West 1
Uttam_Nagar_West Uttam_Nagar_East 1
Uttam_Nagar_East Janak_Puri_West 1
Janak_Puri_West Janak_Puri_East 1
Janak_Puri_East Tilak_Nagar 1	
Tilak_Nagar Subhash_Nagar 1		 
Subhash_Nagar Tagore_Garden 2	 
Tagore_Garden Rajouri_Garden 2
Rajouri_Garden Ramesh_Nagar 2
Ramesh_Nagar Moti_Nagar 2
Moti_Nagar Kirti_Nagar 2
Kirti_Nagar Shadipur 1
Shadipur Patel_Nagar 1
Patel_Nagar Rajendra_Place 1
Rajendra_Place Karol_Bagh 1
Karol_Bagh Jhandewalan 1
Jhandewalan R_K_Ashram_Marg 1
R_K_Ashram_Marg Rajiv_Chowk 1
Rajiv_Chowk Barakhamba 2	 
Barakhamba Mandi_House 2	
Mandi_House Pragati_Maidan 2	
Pragati_Maidan Indraprastha 3
Indraprastha Yamuna_Bank 3
Yamuna_Bank Akshardham 2
Akshardham Mayur_Vihar_Phase-1 2
Mayur_Vihar_Phase-1 Mayur_Vihar_Extention 2		
Mayur_Vihar_Extention New_Ashok_Nagar 3	
New_Ashok_Nagar Noida_Sector_15 3
Noida_Sector_15 Noida_Sector_16 1	 	 
Noida_Sector_16	Noida_Sector_18 1
Noida_Sector_18 Botanical_Garden 3
Botanical_Garden Golf_Course 1		
Golf_Course	Noida_City_Center 1
Noida_City_Center Noida_Sector_34 1
Noida_Sector_34 Noida_Sector_52 1	 
Noida_Sector_52 Noida_Sector_61 1		 
Noida_Sector_61 Noida_Sector_59 1
Noida_Sector_59 Noida_Sector_62	 1
Noida_Sector_62	Noida_Electronic_City 3
 
Yamuna_Bank	Laxmi_Nagar 1
Laxmi_Nagar	Nirman_Vihar 1
Nirman_Vihar Preet_Vihar 1	
Preet_Vihar	Karkar_Duma 2
Karkar_Duma	Anand_Vihar 2
Anand_Vihar Kaushambi 1
Kaushambi	Vaishali 1
 
Shaheed_Sthal Hindon_River 1
Hindon_River Arthala 2		
Arthala	Mohan_Nagar	2	
Mohan_Nagar Shyam_park 1
Shyam_park Major_Mohit_Sharma 2	
Major_Mohit_Sharma Raj_Bagh 2		
Raj_Bagh Shaheed_Nagar 1
Shaheed_Nagar Dilshad_Garden 1
Dilshad_Garden Jhil_Mil 1
Jhil_Mil Mansarovar_Park 2	
Mansarovar_Park Shahdara 3	
Shahdara Welcome 1
Welcome	Seelampur 1
Seelampur Shastri_Park 2
Shastri_Park Kashmere_Gate 2
Kashmere_Gate Tis_Hazari 2	
Tis_Hazari Pul_Bangash 1
Pul_Bangash Pratap_Nagar 1
Pratap_Nagar Shastri_Nagar 1
Shastri_Nagar Inderlok 1
Inderlok Kanhaiya_Nagar 1
Kanhaiya_Nagar Keshav_Puram 1
Keshav_Puram Netaji_Subash_Place 2
Netaji_Subash_Place Kohat_Enclave 2
Kohat_Enclave Pitam_Pura 1	
Pitam_Pura Rohini_East 1
Rohini_East Rohini_West	1
Rohini_West Rithala 2
 
Samaypur_Badli Rohini_Sector_18 1
Rohini_Sector_18 Haiderpur_Badli_Mor 1
Haiderpur_Badli_Mor Jahangirpuri 1
Jahangirpuri Adarsh_Nagar 2
Adarsh_Nagar Azadpur 1
Azadpur Model_Town 1
Model_Town Guru_Tegh_Bahadur_Nagar 2
Guru_Tegh_Bahadur_Nagar Vishwavidyalaya 1
Vishwavidyalaya Vidhan_Sabha 1
Vidhan_Sabha Civil_Lines 1
Civil_Lines Kashmere_Gate 1
Kashmere_Gate Chandni_Chowk	1
Chandni_Chowk Chawri_Bazar 1
Chawri_Bazar New_Delhi 1
New_Delhi Rajiv_Chowk 1
Rajiv_Chowk Patel_Chowk 1
Patel_Chowk Central_Secretariat 1
Central_Secretariat Udyog_Bhawan 1	
Udyog_Bhawan Lok_Kalyan_Marg 1	
Lok_Kalyan_Marg Jorbagh 2
Jorbagh Dilli_Haat_INA 1
Dilli_Haat_INA AIIMS 1
AIIMS Green_Park 1
Green_Park Hauz_Khas 1
Hauz_Khas Malviya_Nagar 1
Malviya_Nagar Saket 1
Saket Qutab_Minar 1
Qutab_Minar Chhattarpur 2
Chhattarpur Sultanpur 3
Sultanpur Ghitorni 3
Ghitorni Arjan_Garh 3
Arjan_Garh Guru_Dronacharya 2	
Guru_Dronacharya Sikandarpur 2
Sikandarpur MG_Road 3
MG_Road IFFCO_Chowk 2
IFFCO_Chowk Huda_City_Centre 3
 
Majlis_Park Azadpur 1	
Azadpur Shalimar_Bagh 1
Shalimar_Bagh Netaji_Subash_Place 1
Netaji_Subash_Place Shakurpur 1
Shakurpur Punjabi_Bagh_West 1
Punjabi_Bagh_West ESI_BASAI_DARAPUR 1
ESI_BASAI_DARAPUR Rajouri_Garden 1
Rajouri_Garden Maya_Puri 1
Maya_Puri Naraina_Vihar 2
Naraina_Vihar Delhi_Cantt 2
Delhi_Cantt Durgabai_Deshmukh_South_Campus 1
Durgabai_Deshmukh_South_Campus Sir_Vishweshwaraiah_Moti_Bagh 1	
Sir_Vishweshwaraiah_Moti_Bagh Bhikaji_Cama_Place 1
Bhikaji_Cama_Place Sarojini_Nagar 1
Sarojini_Nagar Dilli_Haat_INA 1
Dilli_Haat_INA South_Extension 1
South_Extension Lajpat_Nagar 1
Lajpat_Nagar Vinobapuri 1
Vinobapuri Ashram 1
Ashram Sarai_Kale_Khan_Hazrat_Nizamuddin 1
Sarai_Kale_Khan_Hazrat_Nizamuddin Mayur_Vihar_Phase-1 1
Mayur_Vihar_Phase-1 Mayur_Vihar_Pocket_I 1
Mayur_Vihar_Pocket_I Trilokpuri_Sanjay_Lake 1
Trilokpuri_Sanjay_Lake Vinod_Nagar_East 1
Vinod_Nagar_East Mandawali 1
Mandawali IP_Extension 1
IP_Extension Anand_Vihar 1
Anand_Vihar Karkar_Duma 1
Karkar_Duma Karkarduma_Court 2
Karkarduma_Court Krishna_Nagar 3
Krishna_Nagar East_Azad_Nagar 2
East_Azad_Nagar Welcome 3
Welcome	Jaffrabad 3
Jaffrabad Maujpur 2
Maujpur Gokulpuri 2
Gokulpuri Johri_Enclave 3
Johri_Enclave Shiv_Vihar 2
